Song,YouTube Link
Tere Chehre Se Nazar Nahin – Kishore Kumar (Kabhi Kabhie),https://www.youtube.com/watch?v=gejKrLu9N9c
Hum Dono Do Premi – Kishore Kumar (Hum Dono),https://www.youtube.com/watch?v=vhZLopg5kP0
Chal Kahin Door Nikal Jayen – Kishore Kumar (Doosra Aadmi),https://www.youtube.com/watch?v=AJnf4jaga88
Aaj Phir Tum Pe – Arijit Singh (80s classic),https://www.youtube.com/watch?v=juk1s7P9Ndc
Jano Meri Jano – Kishore Kumar (80s love),https://www.youtube.com/watch?v=BOcwZB2W52c
Tumse Milkar Na Jane – Kishore Kumar (80s),https://www.youtube.com/watch?v=w1Y0qWKV8kU
Ae Mere Humsafar – Kumar Sanu (80s),https://www.youtube.com/watch?v=sWqjZpBtcxc
Mere Pyar Ki Umar Ho – Kishore Kumar (80s),https://www.youtube.com/watch?v=60U-LwYARMg
Tere Bina Zindagi Se – Kishore Kumar (Aandhi),https://www.youtube.com/watch?v=otSbGQIYgpQ
Dekha Ek Khwab – Lata Mangeshkar (Silsila),https://www.youtube.com/watch?v=7dO_MS9tZ5E
Ude Jab Jab Zulfein Teri – Kishore Kumar (Naya Daur),https://www.youtube.com/watch?v=xdh0VaKi2jQ
Paanch Rupaiya Bara Aana – Kishore Kumar (Chalti Ka Naam Gaadi),https://www.youtube.com/watch?v=fyNCpEgcbTo
Pyaar Hua Iqrar Hua – Manna Dey (Shree 420),https://www.youtube.com/watch?v=xkl1QwNEuYs
Aapke Pyaar Mein – Alka Yagnik (Raaz),https://www.youtube.com/watch?v=L6bSHDaDLyc
Main Agar Saamne – Atif Aslam (Ta Ra Rum Pum),https://www.youtube.com/watch?v=DAYszemgPxc
Woh Tassavur Ka – Shreya Ghoshal (The Train),https://www.youtube.com/watch?v=Uxo1FWm4zK4
Mujhse Mohabbat Ka – Kumar Sanu (Phool Aur Kaante),https://www.youtube.com/watch?v=asVkFSVdJPo
Jo Bhi Kasmein – Arijit Singh (Raaz),https://www.youtube.com/watch?v=B72_HsUR0Vc
Dil Laga Liya – Alka Yagnik (Dil Hai Tumhaara),https://www.youtube.com/watch?v=EoommnZLEBM
Tere Liye – Lata Mangeshkar (Veer-Zaara),https://www.youtube.com/watch?v=jo6iAkSoraY
Tere Mere Hothon Pe – Lata Mangeshkar (Chandni),https://www.youtube.com/watch?v=5txaRiJfQXM
Woh Shaam Kuchh Ajeeb Thi – Kishore Kumar (Khamoshi),https://www.youtube.com/watch?v=MDXFi3avqo0
Jab Deep Jale Aana – Lata Mangeshkar (Chitchor),https://www.youtube.com/watch?v=ah1T5cTZmo8
Tere Mere Sapne – Lata Mangeshkar (Guide),https://www.youtube.com/watch?v=kZ3RmxDXZR8
Abhi Naa Jao Chhod Kar – Lata Mangeshkar (Hum Dono),https://www.youtube.com/watch?v=mfEQgoVi7P4
Husnn Hai Suhaana – Alka Yagnik (Chalte Chalte),https://www.youtube.com/watch?v=EsXG4YET4zs
Tera Fitoor – Arijit Singh (Genius),https://www.youtube.com/watch?v=IFGM4pOPXvA
Hasi Ban Gaye – Shreya Ghoshal (Hamari Adhuri Kahani),https://www.youtube.com/watch?v=u71CxnaY55w
Kuchh Khaas – Mohit Chauhan (Omkara),https://www.youtube.com/watch?v=O7tvHh3MPSs
Mitwaa – Shafqat Amanat Ali (Aap Kaa Surroor),https://www.youtube.com/watch?v=BWGMjx2gP5s
Jo Haal Dil Ka – Kumar Sanu (Sarfarosh),https://www.youtube.com/watch?v=Y9OnEE7FAcc
Pehli Nazar Mein – Atif Aslam (Race),https://www.youtube.com/watch?v=BadBAMnPX0I
Aaye Ho Meri Zindagi Mein – Udit Narayan (Raja Hindustani),https://www.youtube.com/watch?v=Mj3KyjuKbqI
Do Dil Mil Rahe Hai – Kumar Sanu (Pardes),https://www.youtube.com/watch?v=eKIpHujNdX0
Humko Humise Chura Lo – Udit Narayan (Mohabbatein),https://www.youtube.com/watch?v=zWPsjhBaRb0
Bol Na Halke Halke – Rahat Fateh Ali Khan (Jhoom Barabar Jhoom),https://www.youtube.com/watch?v=jXwg9l9D51A
Meri Tarah Tum Bhi – Alka Yagnik (Kya Yehi Pyaar Hai),https://www.youtube.com/watch?v=hItLUiUq4xE
Vaaste – Dhvani Bhanushali (Vaaste),https://www.youtube.com/watch?v=BBAyRBTfsOU
Kesariya – Arijit Singh (Brahmastra),https://www.youtube.com/watch?v=BddP6PYo2gs
Channa Mereya – Arijit Singh (Ae Dil Hai Mushkil),https://www.youtube.com/watch?v=bzSTpdcs-EI
Agar Tum Saath Ho – Arijit Singh (Tamasha),https://www.youtube.com/watch?v=sK7riqg2mr4
Tu Jo Hain – Arijit Singh (Phata Poster Nikla Hero),https://www.youtube.com/watch?v=RBCk1SyC1PA
Saiyaara – Mohit Chauhan (Ek Tha Tiger),https://www.youtube.com/watch?v=XwmsxKJpCw4
Enna Sona – Arijit Singh (OK Jaanu),https://www.youtube.com/watch?v=mrdRHsIkK_c
Iktara – Amit Trivedi (Wake Up Sid),https://www.youtube.com/watch?v=ZlOZktsODpA
Tose Naina – Arijit Singh (Mickey Virus),https://www.youtube.com/watch?v=29YRI-6low0
Yeh Raatein Yeh Mausam – Kishore Kumar (Sanam),https://www.youtube.com/watch?v=4HRC6c5-2lQ
Pal – Arijit Singh (Jalebi),https://www.youtube.com/watch?v=w8LcxY43N5Y
Phir Bhi Tumko Chaahunga – Arijit Singh (Half Girlfriend),https://www.youtube.com/watch?v=jQdDpRTVe9k
Aaja Piya Tohe Pyar Doon – Geeta Dutt (Geeta Dutt classics),https://www.youtube.com/watch?v=SSgRiQ6vACg
Tum Se Hi – Mohit Chauhan (Jab We Met),https://www.youtube.com/watch?v=Cb6wuzOurPc
Jeene Laga Hoon – Atif Aslam (Ramaiya Vastavaiya),https://www.youtube.com/watch?v=pkzOBl1p7y4
Raabta – Arijit Singh (Agent Vinod),https://www.youtube.com/watch?v=zlt38OOqwDc
Apna Bana Le – Arijit Singh (Bhediya),https://www.youtube.com/watch?v=ElZfdU54Cp8
Zara Zara – Bombay Jayashri (Rehnaa Hai Tere Dil Mein),https://www.youtube.com/watch?v=RkWHSzK4SUw
Tera Hone Laga Hoon – Atif Aslam (Ajab Prem Ki Ghazab Kahani),https://www.youtube.com/watch?v=rTuxUAuJRyY
Chand Sifarish – Shaan (Fanaa),https://www.youtube.com/watch?v=zWEOx7TSM6I
Main Rang Sharbaton Ka – Atif Aslam (Phata Poster Nikhla Hero),https://www.youtube.com/watch?v=aKdqQ5BC_S4
Sun Saathiya – Arijit Singh (ABCD 2),https://www.youtube.com/watch?v=TGpG56pg3UU
Tera Ban Jaunga – Akhil Sachdeva (Kabir Singh),https://www.youtube.com/watch?v=Qdz5n1Xe5Qo
Mitwa – Shafqat Amanat Ali (Kabhi Alvida Naa Kehna),https://www.youtube.com/watch?v=ru_5PA8cwkE
Moh Moh Ke Dhaage – Papon (Dum Laga Ke Haisha),https://www.youtube.com/watch?v=T-8vVY-IECk
Lag Ja Gale – Lata Mangeshkar (Woh Kaun Thi),https://www.youtube.com/watch?v=y2fgw1Oqz28
Pehla Nasha – Udit Narayan (Jo Jeeta Wohi Sikandar),https://www.youtube.com/watch?v=SBfPs-PMGTA
Tujh Mein Rab Dikhta Hai – Roop Kumar Rathod (Rab Ne Bana Di Jodi),https://www.youtube.com/watch?v=qoq8B8ThgEM
Ranjha – Jasleen Royal (Shershaah),https://www.youtube.com/watch?v=V7LwfY5U5WI
Kaise Hua – Vishal Mishra (Kaise Hua),https://www.youtube.com/watch?v=WWXm39leYew
Nazm Nazm – Arko (Bareilly Ki Barfi),https://www.youtube.com/watch?v=RFx4g4GunYw
Shayad – Arijit Singh (Love Aaj Kal),https://www.youtube.com/watch?v=MJyKN-8UncM
Phir Miloge Na – JalRaj (Phir Miloge Na),https://www.youtube.com/watch?v=n0VNjUNjB-g
Dooron Dooron – Paresh Pahuja (Dooron Dooron),https://www.youtube.com/watch?v=LV_wiOhO40Q
Phir Le Aya Dil – Rekha Bhardwaj (Phir Le Aya Dil),https://www.youtube.com/watch?v=2AO2Utn2eoU
Heeriye – Jasleen Royal (Heeriye),https://www.youtube.com/watch?v=RLzC55ai0eo
Ek Ladki Ko Dekha – Kumar Sanu (1942: A Love Story),https://www.youtube.com/watch?v=fTauOK8J-U8
Dil Diyan Gallan – Atif Aslam (Tiger Zinda Hai),https://www.youtube.com/watch?v=SAcpESN_Fk4
Love Aaj Kal. – Arijit Singh (Love Aaj Kal),https://www.youtube.com/watch?v=yRB0xbKDebo
Tujhe Kitna Chahne Lage – Arijit Singh (Kabir Singh),https://www.youtube.com/watch?v=2IGDsD-dLF8
O Maahi – Arijit Singh (Dunki),https://www.youtube.com/watch?v=Etkd-07gnxM
Gehra Hua – Arijit Singh (Dhurandhar),https://www.youtube.com/watch?v=GX9x62kFsVU
"Nazm Nazm – Arko, Arko Pravo Mukherjee (Bareilly Ki Barfi)",https://www.youtube.com/watch?v=-JD8B4Gf4Sc
Kaise Hua – Vishal Mishra (Kaise Hua),https://www.youtube.com/watch?v=deDSjlkt6Q0
"Tujh Mein Rab Dikhta Hai – Roop Kumar Rathod, Shreya Ghoshal (Rab Ne Bana Di Jodi)",https://www.youtube.com/watch?v=eWd4cSUsDHg
"Moh Moh Ke Dhaage – Papon, Kalpana Patowary (Dum Laga Ke Haisha)",https://www.youtube.com/watch?v=AUUel0GmVgI
"Apna Bana Le – Sachin-Jigar, Arijit Singh (Bhediya)",https://www.youtube.com/watch?v=UEvOsQBu1jY
"Raabta – Arijit Singh, Nikhita Gandhi (Agent Vinod)",https://www.youtube.com/watch?v=zAU_rsoS5ok
Phir Bhi Tumko Chaahunga – Arijit Singh (Half Girlfriend),https://www.youtube.com/watch?v=_iktURk0X-A
"Pal – Arijit Singh, Harshdeep Kaur (Jalebi)",https://www.youtube.com/watch?v=nDOpAEW2q2w
"Yeh Raatein Yeh Mausam – Kishore Kumar, Asha Bhosle (Sanam)",https://www.youtube.com/watch?v=zMGYCKr5trw
"Saiyaara – Mohit Chauhan, Tarannum Mallik (Ek Tha Tiger)",https://www.youtube.com/watch?v=A5pSnIwbpaM
"Main Agar Kahoon – Sonu Nigam, Shreya Ghoshal (Om Shanti Om)",https://www.youtube.com/watch?v=SgX_18nHU2o
"Humko Humise Chura Lo – Udit Narayan, Lata Mangeshkar (Mohabbatein)",https://www.youtube.com/watch?v=tqHm_IbdTO4
"Aaye Ho Meri Zindagi Mein – Udit Narayan, Alka Yagnik (Raja Hindustani)",https://www.youtube.com/watch?v=vQhWeIucOkc
Jo Haal Dil Ka – Kumar Sanu (Sarfarosh),https://www.youtube.com/watch?v=8rs1xAZel5c
Tum Mil Gayi Jo – Rushil Aswal (Tum Mil Gayi Jo),https://www.youtube.com/watch?v=wVkDbBR1kq4
Tera Fitoor – Arijit Singh (Genius),https://www.youtube.com/watch?v=qfdShSZZxlg
"Dil Laga Liya – Alka Yagnik, Udit Narayan (Dil Hai Tumhaara)",https://www.youtube.com/watch?v=6qBdQzPnw4E
Husnn Hai Suhaana – Alka Yagnik (Chalte Chalte),https://www.youtube.com/watch?v=hVa2ldy1LrE
Tere Mere Hothon Pe – Lata Mangeshkar (Chandni),https://www.youtube.com/watch?v=h7Sf3v7qhmw
Hawaein – Arijit Singh (Jab Harry Met Sejal),https://www.youtube.com/watch?v=cs1e0fRyI18
Bol Do Na Zara – Armaan Malik (Azhar),https://www.youtube.com/watch?v=EpEraRui1pc
Kaun Tujhe – Palak Muchhal (M.S. Dhoni: The Untold Story),https://www.youtube.com/watch?v=atVof3pjT-I
Pani Da Rang – Ayushmann Khurrana (Vicky Donor),https://www.youtube.com/watch?v=EiItLWWxgOI
Tum Tak – Jubin Nautiyal (Raanjhanaa),https://www.youtube.com/watch?v=VXqRAHm8WI0
Saudebaazi – Arijit Singh (Aakrosh),https://www.youtube.com/watch?v=icReENFVXYY
"Chor Bazaari – Neha Kakkar, Vishal Dadlani (Love Aaj Kal)",https://www.youtube.com/watch?v=hsTQKwZEMQE
Abhi Mujh Mein Kahin – Sonu Nigam (Agneepath),https://www.youtube.com/watch?v=usSA3mPzOJY
"Rait Zara Si – Arijit Singh, Shreya Ghoshal (Atrangi Re)",https://www.youtube.com/watch?v=aOliIfyH6vI
Gulabi Aankhen – Rahat Fateh Ali Khan (Sanam),https://www.youtube.com/watch?v=dhBgmbhqLSA
Teri Yaadon Mein – Shreya Ghoshal (The Train),https://www.youtube.com/watch?v=fVeJ6sJERR4
Bulleya – Arijit Singh (Ae Dil Hai Mushkil),https://www.youtube.com/watch?v=WkzGZaaVH-s
Nazar Na Lag Jaaye – Arijit Singh (Stree),https://www.youtube.com/watch?v=-JMtKCqnkm0
Pankhon Ko – Shilpa Rao (Zindagi Na Milegi Dobara),https://www.youtube.com/watch?v=IN9wBRwYeR8
Tu Bin Bataye – Arijit Singh (Rang De Basanti),https://www.youtube.com/watch?v=UqblLzBwlns
Mere Sohneya – Arijit Singh (Kabir Singh),https://www.youtube.com/watch?v=Njq4A5DAqRw
Dooriyan – Atif Aslam (Love Aaj Kal),https://www.youtube.com/watch?v=kPtn26x8TZM
Jaanam – Darshan Raval (Bad Newz),https://www.youtube.com/watch?v=8S_UWCZ7a-Q
Tumhare Hi Rahenge Hum – Arijit Singh (Stree 2),https://www.youtube.com/watch?v=cxKAtmvf-uM
Sajni – Arijit Singh (Laapataa Ladies),https://www.youtube.com/watch?v=XJAMVPQWvGY
Barfani – Armaan Malik (Shubh Mangal Savdhan),https://www.youtube.com/watch?v=lK43SHqqXlU
"Raataan Lambiyan – Jubin Nautiyal, Asees Kaur (Shershaah)",https://www.youtube.com/watch?v=gvyUuxdRdR4
Kabhii Tumhhe – Jubin Nautiyal (Shershaah),https://www.youtube.com/watch?v=ByIZIKFmHOA
Phir Mohabbat – Mohammed Irfan (Murder 2),https://www.youtube.com/watch?v=m1rcse8INWk
Chal Ghar Chalen – Arijit Singh (Malang),https://www.youtube.com/watch?v=k8wUk0xfCng
Meri Aashiqui – Jubin Nautiyal (Malang),https://www.youtube.com/watch?v=WGS4ZSayqjg
Surili Akhiyon Wale – Rahat Fateh Ali Khan (Veer),https://www.youtube.com/watch?v=LSUR0075KLI
Janam Janam – Arijit Singh (Dilwale),https://www.youtube.com/watch?v=50usvriCMak
Aaj Din Chadheya – Rahat Fateh Ali Khan (Love Aaj Kal),https://www.youtube.com/watch?v=TpowQfz8hdo
Gerua – Arijit Singh (Dilwale),https://www.youtube.com/watch?v=TotSrMciyo8
Main Yahaan Hoon – Udit Narayan (Veer-Zaara),https://www.youtube.com/watch?v=m6Y8xEfyXTs
Pal Pal Dil Ke Paas – Kishore Kumar (Blackmail),https://www.youtube.com/watch?v=AMuRRXCuy-4
"Kabhi Kabhi Mere Dil Mein – Mukesh, Lata Mangeshkar (Kabhi Kabhi)",https://www.youtube.com/watch?v=0S7uhEoxRbg
Likhe Jo Khat Tujhe – Mohammed Rafi (Kanyadaan),https://www.youtube.com/watch?v=E1xPY3OiuzI
O Mere Dil Ke Chain – Kishore Kumar (Mere Jeevan Saathi),https://www.youtube.com/watch?v=_w14bUcxl1c
"Tujhe Dekha To – Lata Mangeshkar, Kumar Sanu (Dilwale Dulhania Le Jayenge)",https://www.youtube.com/watch?v=cNV5hLSa9H8
Ye Fitoor Mera – Arijit Singh (Fitoor),https://www.youtube.com/watch?v=4tZhTmrlf8M
Manmarziyan – Arijit Singh (Lootera),https://www.youtube.com/watch?v=xMMmHLjjIrg
Mehrama – Arijit Singh (Love Aaj Kal),https://www.youtube.com/watch?v=HYUpNJJELeE
Monta Re – Arijit Singh (Lootera),https://www.youtube.com/watch?v=9L_b01OJMJo
Tu Hi Mera – Arijit Singh (Jannat 2),https://www.youtube.com/watch?v=yBa3FVQKAvY
"Khuda Jaane – KK, Shilpa Rao (Bachna Ae Haseeno)",https://www.youtube.com/watch?v=cmMiyZaSELo
Teri Jhuki Nazar – Arijit Singh (Murder 3),https://www.youtube.com/watch?v=xrSZLa14haA
Jaan Nisaar – Arijit Singh (Kedarnath),https://www.youtube.com/watch?v=za4Q_7gYyS4
"Hey Shona – Shaan, Shreya Ghoshal (Ta Ra Rum Pum)",https://www.youtube.com/watch?v=vxVsDSB5UWw
Tujhe Sochta Hoon – Arijit Singh (1920 Evil Returns),https://www.youtube.com/watch?v=q-RP99S_qK0
Tere Bina – Arijit Singh (Tees Maar Khan),https://www.youtube.com/watch?v=XnAIfkp6IFs
Dil Dhadakne Do – Shankar-Ehsaan-Loy (Zindagi Na Milegi Dobara),https://www.youtube.com/watch?v=PyTaSNvflM0
Yun Hua – Shreya Ghoshal (YRF),https://www.youtube.com/watch?v=CgQn3gsrIRc
Bekaraan – Vishal Dadlani (Saat Khoon Maaf),https://www.youtube.com/watch?v=gVlynofNceA
O Saathi Re – Shreya Ghoshal (Omkara),https://www.youtube.com/watch?v=GzO2AeOm9mk
Pehli Baar Mohabbat – Javed Ali (Kaminey),https://www.youtube.com/watch?v=zhMoztMJPwE
Khul Kabhi – Arijit Singh (Haider),https://www.youtube.com/watch?v=2E4aaIvrU7Q
Gulon Mein Rang – Arijit Singh (Haider),https://www.youtube.com/watch?v=WH505RVLTYM
Aaj Se Teri – Arijit Singh (Padman),https://www.youtube.com/watch?v=NFsEqOBG51M
Suno Na – Arijit Singh (Chalte Chalte),https://www.youtube.com/watch?v=9hrV2IFsx5s
Tere Liye – Shreya Ghoshal (Prince),https://www.youtube.com/watch?v=AlvUuGJccKs
Ishq Sufiyana – Mohit Chauhan (The Dirty Picture),https://www.youtube.com/watch?v=6b50_M2Tttc
Tum Hi Ho Bandhu – Neha Kakkar (Cocktail),https://www.youtube.com/watch?v=DzWP07XqoeQ
Samjhawan – Arijit Singh (Humpty Sharma Ki Dulhania),https://www.youtube.com/watch?v=H2f7MZaw3Yo
Mann Mera – Gajendra Verma (Table No. 21),https://www.youtube.com/watch?v=SlHnlxDt2TQ
Piya O Re Piya – Atif Aslam (Tere Naal Love Ho Gaya),https://www.youtube.com/watch?v=f6EmxM8_XPk
Yeh Dil Deewana – Sonu Nigam (Pardes),https://www.youtube.com/watch?v=_4Ft9UIKzwk
Teri Galliyan – Arijit Singh (Ek Tha Tiger),https://www.youtube.com/watch?v=FxAG_11PzCk
Akhiyaan – Arijit Singh (Bajirao Mastani),https://www.youtube.com/watch?v=vKDsAB1ccn0
Deewani Mastani – Shreya Ghoshal (Bajirao Mastani),https://www.youtube.com/watch?v=RIofkrOFFSw
Ab Tohe Jaane Na Doongi – Lata Mangeshkar (Mughal-e-Azam),https://www.youtube.com/watch?v=zorL6dHCfpo
Mohe Rang De – Chitra (Bhajji),https://www.youtube.com/watch?v=SJhBUctuDH0
Bairi Piya – Shreya Ghoshal (Devdas),https://www.youtube.com/watch?v=WRqU5-xacLY
Dola Re Dola – Kavita Krishnamurthy (Devdas),https://www.youtube.com/watch?v=fJvZbJ1E5yE
Kajra Re – Alisha Chinai (Bunty Aur Babli),https://www.youtube.com/watch?v=4dsFQFCvVGU
Tere Naina – Shafqat Amanat Ali (My Name Is Khan),https://www.youtube.com/watch?v=qYjPxdLIuk0
Sajdaa – Rahat Fateh Ali Khan (My Name Is Khan),https://www.youtube.com/watch?v=3rPEWcY6Oww
Hamesha & Forever – Sonu Nigam (Raaz: The Mystery Continues),https://www.youtube.com/watch?v=KnBTaMFtcfU
Tum Se Mil Ke – Atif Aslam (Raaz 3),https://www.youtube.com/watch?v=MdMACkSw9t0
Aas Paas Hai Khuda – Sonu Nigam (Anjaana Anjaani),https://www.youtube.com/watch?v=9I34hAWmG5E
Tum Jo Mile – Atif Aslam (Criminal),https://www.youtube.com/watch?v=ir-r9iIMHW4
Tera Mera Rishta – Rahat Fateh Ali Khan (Rajneeti),https://www.youtube.com/watch?v=qG7Kms_YA5Q
Pehla Pehla Pyaar – Kumar Sanu (Hum Aapke Hain Koun),https://www.youtube.com/watch?v=w2iozAbNXAo
Didi Tera Dewar – Lata Mangeshkar (Hum Aapke Hain Koun),https://www.youtube.com/watch?v=tEKi6vnPApI
Joote De Do Paise Le Lo – Kumar Sanu (Hum Aapke Hain Koun),https://www.youtube.com/watch?v=1bFdooCz6bY
Pyaar Kiya To Darna Kya – Lata Mangeshkar (Mughal-e-Azam),https://www.youtube.com/watch?v=FzVG01dDTCA
Teri Galiyon Mein – Mohammed Rafi (Hawas),https://www.youtube.com/watch?v=0weRgdk8_do
Aapki Nazron Ne – Lata Mangeshkar (Anpadh),https://www.youtube.com/watch?v=Wv-VlQMD0VY
Chaudhvin Ka Chand – Mohammed Rafi (Chaudhvin Ka Chand),https://www.youtube.com/watch?v=uAsM_D5oO9c
Naa Jhatko Zulf Se – Mohammed Rafi (Chaudhvin Ka Chand),https://www.youtube.com/watch?v=8eqzH3PaUiM
Gazab Ka Hai Din – Udit Narayan (Qayamat Se Qayamat Tak),https://www.youtube.com/watch?v=HgYiNVNsHwE
Kuch Na Kaho – Kumar Sanu (1942: A Love Story),https://www.youtube.com/watch?v=hH79321JJQ0
Akele Hain To Kya Gum – Kumar Sanu (Qayamat Se Qayamat Tak),https://www.youtube.com/watch?v=QxpPkGSmCqY
Aap Ke Aa Jane Se – Kumar Sanu (Khudgarz),https://www.youtube.com/watch?v=hOi9ozRqZT4
Tumne Mujhe Dekha – Kishore Kumar (Teesri Manzil),https://www.youtube.com/watch?v=_Xvb3MiOfNg
Tumko Dekha To – Kumar Sanu (Saajan),https://www.youtube.com/watch?v=P9VFGn4_KXY
Dil Meri Na Sune – Arijit Singh (Genius),https://www.youtube.com/watch?v=KPRv9cbr29U
Ek Dilruba Hai – Kumar Sanu (Bewafa),https://www.youtube.com/watch?v=81LiMx78yP8
Kasam Khake Kaho – Kumar Sanu (Khiladi 786),https://www.youtube.com/watch?v=KhXblHMro0c
Suniye Kahiye – Lata Mangeshkar (Baton Baton Mein),https://www.youtube.com/watch?v=pJSJz6tXvSY
Chor Bazaari – Neha Kakkar (Love Aaj Kal),https://www.youtube.com/watch?v=SkEf9iY6QR4
Kaun Tujhe – Palak Muchhal (M.S. Dhoni),https://www.youtube.com/watch?v=VoAsNNT_ypI
Pachtaoge – Arijit Singh (Jaani Ve),https://www.youtube.com/watch?v=PVxc5mIHVuQ
Dekhte Dekhte – Atif Aslam (Batti Gul Meter Chalu),https://www.youtube.com/watch?v=rkWJyMhIWLo
Tere Bin – Rahat Fateh Ali Khan (Simmba),https://www.youtube.com/watch?v=hejXc_FSYb8
Ishq Tera – Arijit Singh (Ishq Tera),https://www.youtube.com/watch?v=3KXZduvOfDo
Virsa – Rahat Fateh Ali Khan (Virsa),https://www.youtube.com/watch?v=C3c-aifd20c
Chaleya – Arijit Singh (Jawan),https://www.youtube.com/watch?v=Bi7sSC046dk
Love You Zindagi – Arijit Singh (Dear Zindagi),https://www.youtube.com/watch?v=bw7bVpI5VcM
Yaaram – Jubin Nautiyal (Ek Thi Daayan),https://www.youtube.com/watch?v=mbGNF4QXaEE
My Dil Goes Mmm – Shaan (Salaam Namaste),https://www.youtube.com/watch?v=fV4x7OCqFLA
Tere Mere Beech Mein – Shreya Ghoshal (Shudh Desi Romance),https://www.youtube.com/watch?v=3t0dsPbruok
Offo – Arijit Singh (2 States),https://www.youtube.com/watch?v=YPlIhgAX9AQ
Saans – A.R. Rahman (Jab Tak Hai Jaan),https://www.youtube.com/watch?v=VAt6TO2gdko
Chaar Kadam – Shaan (PK),https://www.youtube.com/watch?v=WKbwopSXLWU
Humdard – Arijit Singh (Ek Villain),https://www.youtube.com/watch?v=FJ55SHCzt88
Kora Kagaz Tha Yeh Mann – Kishore Kumar (Aradhana),https://www.youtube.com/watch?v=j7TM2ccOGbU
Salame Ishq Meri Jaan – Kishore Kumar (Muqaddar Ka Sikandar),https://www.youtube.com/watch?v=pHMkfrV-Pfc
Pehla Nasha – Udit Narayan (Jo Jeeta Wohi Sikandar),https://www.youtube.com/watch?v=ZYotlBxpM3Q
"Saibo – Shreya Ghoshal, Tochi Raina Shor in the City",https://www.youtube.com/watch?v=9Bmh6vaQt0s
Pee Loon – Mohit Chauhan Once Upon A Time in Mumbaai,https://www.youtube.com/watch?v=D8XFTglfSMg
Yeh Dooriyan – Mohit Chauhan Love Aaj Kal,https://www.youtube.com/watch?v=WkkLuQQ_IgY
Aao Milo Chalo – Shaan Jab We Met,https://www.youtube.com/watch?v=Mo5tQDcs__g
Phir Se Ud Chala – Mohit Chauhan Rockstar,https://www.youtube.com/watch?v=2mWaqsC3U7k
"Kun Faya Kun – A.R. Rahman, Javed Ali Rockstar",https://www.youtube.com/watch?v=T94PHkuydcw
Nadaan Parinde – Mohit Chauhan Rockstar,https://www.youtube.com/watch?v=6MgsHSAcI9k
Jiyein Kyun – Papon Dum Maaro Dum,https://www.youtube.com/watch?v=sJW37INWnYk
"Kyon – Papon, Sunidhi Chauhan Barfi",https://www.youtube.com/watch?v=Rq7tyOcVgLQ
Bheegi Si Bhaagi Si – Mohit Chauhan Raajneeti,https://www.youtube.com/watch?v=yHWPO9DDnsk
Saathiya – Sonu Nigam Saathiya,https://www.youtube.com/watch?v=eMA6GHTQ4WA
"Suraj Hua Maddham – Sonu Nigam, Alka Yagnik Kabhi Khushi Kabhie Gham",https://www.youtube.com/watch?v=L0zKs8i7Nc8
Kabhi Jo Baadal Barse – Arijit Singh Jackpot,https://www.youtube.com/watch?v=YIzjWBa0-eI
Sun Saathiya – Priya Saraiya ABCD 2,https://www.youtube.com/watch?v=UNs50T6EYwE
Tu Jaane Na – Atif Aslam Ajab Prem Ki Ghazab Kahani,https://www.youtube.com/watch?v=P8PWN1OmZOA
Zara Sa – KK Jannat,https://www.youtube.com/watch?v=5IY4BNj0-10
Tu Hi Meri Shab Hai – KK Gangster,https://www.youtube.com/watch?v=mWBvudKcByg
Labon Ko – KK Bhool Bhulaiyaa,https://www.youtube.com/watch?v=-FP2Cmc7zj4
Dil Kyun Yeh Mera – KK Kites,https://www.youtube.com/watch?v=maKDIvUVkQo
Tujhe Sochta Hoon – KK Jannat 2,https://www.youtube.com/watch?v=PkhfKq9m0Uo
In Dino – Soham Chakraborty Life in a… Metro,https://www.youtube.com/watch?v=P7JyrhGnjhg
Alvida – KK Life in a… Metro,https://www.youtube.com/watch?v=hM9QDpLHhdw
O Sanam – Lucky Ali Single,https://www.youtube.com/watch?v=dWqb-WqbGh8
Dooba Dooba – Silk Route Album,https://www.youtube.com/watch?v=epUBGOngvaU
"Shaam – Amit Trivedi, Nikhil D’Souza Aisha",https://www.youtube.com/watch?v=fFyXcX-s0C8
Bekhayali – Sachet Tandon Kabir Singh,https://www.youtube.com/watch?v=VOLKJJvfAbg
Hasi Ban Gaye – Ami Mishra Hamari Adhuri Kahani,https://www.youtube.com/watch?v=oyaudgo5_8Y
Sanam Re – Arijit Singh Sanam Re,https://www.youtube.com/watch?v=DS-raAyMxl4
Soch Na Sake – Arijit Singh Airlift,https://www.youtube.com/watch?v=IQ-IzgNhvhg
Hua Hain Aaj Pehli Baar – Armaan Malik Sanam Re,https://www.youtube.com/watch?v=DGVJtAHzzDQ
Tu Hi Haqeeqat – Javed Ali Tum Mile,https://www.youtube.com/watch?v=3QhajVg6SjE
Tum Mile – Neeraj Shridhar Tum Mile,https://www.youtube.com/watch?v=odVptmgIcD0
Zara Zara – Bombay Jayashri RHTDM,https://www.youtube.com/watch?v=a71xD6RyOok
Tera Hua – Atif Aslam Loveyatri,https://www.youtube.com/watch?v=eSt0ZCAnukI
Je T’aime – Vishal Dadlani Befikre,https://www.youtube.com/watch?v=Z5RNiWpQDX4
Ilahi – Arijit Singh Yeh Jawaani Hai Deewani,https://www.youtube.com/watch?v=fdubeMFwuGs
"Kabira – Tochi Raina, Rekha Bhardwaj YJHD",https://www.youtube.com/watch?v=jHNNMj5bNQw
Subhanallah – Sreeram YJHD,https://www.youtube.com/watch?v=QYO6AlxiRE4
Badtameez Dil – Benny Dayal YJHD,https://www.youtube.com/watch?v=II2EO3Nw4m0
Yeh Jawaani Hai Deewani – Mohit Chauhan YJHD,https://www.youtube.com/watch?v=ZZ-4t3xGNnQ
Safarnama – Lucky Ali Tamasha,https://www.youtube.com/watch?v=sOhESxhibAM
Matargashti – Mohit Chauhan Tamasha,https://www.youtube.com/watch?v=6vKucgAeF_Q
Heer Toh Badi Sad Hai – Mika Singh Tamasha,https://www.youtube.com/watch?v=dioKyJt5-PE
Khwaabon Ke Parindey – Alyssa Mendonsa ZNMD,https://www.youtube.com/watch?v=R0XjwtP_iTY
Dil Chahta Hai – Shankar Mahadevan Dil Chahta Hai,https://www.youtube.com/watch?v=HoDgYV1NzAI
Koi Kahe Kehta Rahe – Shankar Mahadevan Dil Chahta Hai,https://www.youtube.com/watch?v=ctJI7pCbxAo
Jaane Kyun – Vishal Dadlani Dostana,https://www.youtube.com/watch?v=n0PoVxBMUyE
I Hate Luv Storys – Vishal Dadlani I Hate Luv Storys,https://www.youtube.com/watch?v=FDzYegv8JHE
Isq Risk – Rahat Fateh Ali Khan Mere Brother Ki Dulhan,https://www.youtube.com/watch?v=pHu4PLhuKgQ
Achha Lagta Hai – Mohit Chauhan Aarakshan,https://www.youtube.com/watch?v=wgzTfDqgNq8
Tum Ho – Mohit Chauhan Rockstar,https://www.youtube.com/watch?v=gkCKTuR-ECI
Jo Bhi Main – Mohit Chauhan Rockstar,https://www.youtube.com/watch?v=_kOzFMR9Hys
Sheher Mein – Mohit Chauhan Rockstar,https://www.youtube.com/watch?v=Igo8_eK7z9g
Kun Faya Kun   A.R. Rahman Rockstar    already in Jan? no – NOT used earlier,https://www.youtube.com/watch?v=27CBPR7CSks
Phir Le Aya Dil Reprise – Rekha Bhardwaj Barfi,https://www.youtube.com/watch?v=Pk2Px3V-jeY
Saawali Si Raat – Arijit Singh Barfi,https://www.youtube.com/watch?v=1GLgFSn6ZAA
Kyon – Papon Barfi,https://www.youtube.com/watch?v=t3hfMp_fqzA
Bolna – Arijit Singh Kapoor & Sons,https://www.youtube.com/watch?v=GYFDRoJtfGM
Kar Gayi Chull – Badshah Kapoor & Sons,https://www.youtube.com/watch?v=NTHz9ephYTw
Buddhu Sa Mann – Armaan Malik Kapoor & Sons,https://www.youtube.com/watch?v=i0AUEswUayo
Sooraj Dooba Hai – Arijit Singh Roy,https://www.youtube.com/watch?v=nJZcbidTutE
Chhil Gaye Naina – Kanika Kapoor NH10,https://www.youtube.com/watch?v=Lhn0e7cDKS0
Galliyan Unplugged vibe – Ankit Tiwari Ek Villain,https://www.youtube.com/watch?v=QXvsZ5ygQV0
Ijazat – Arijit Singh One Night Stand,https://www.youtube.com/watch?v=hGqMsuveWpU
Muskurane – Arijit Singh CityLights,https://www.youtube.com/watch?v=2ltGXfmI6mk
Tu Hi Yaar Mera – Rochak Kohli Pati Patni Aur Woh,https://www.youtube.com/watch?v=BTRPBiE_1lA
"Dil Ko Karaar Aaya – Neha Kakkar, Yasser Desai Album",https://www.youtube.com/watch?v=lX3vT_Gm_HE
Pal Pal Dil Ke Paas – Arijit Singh Title Track,https://www.youtube.com/watch?v=lgTHGZF3BQw
Jab Tak – Armaan Malik MS Dhoni,https://www.youtube.com/watch?v=GrxtigNKjB0
Phir Kabhi – Arijit Singh MS Dhoni,https://www.youtube.com/watch?v=qVHaXD7zHDQ
Main Hoon Hero Tera – Armaan Malik Hero,https://www.youtube.com/watch?v=6aOAskg67Vw
Chal Wahan Jaate Hain – Arijit Singh Heropanti,https://www.youtube.com/watch?v=MVpAAJzPEds
Tera Chehra – Arijit Singh Sanam Teri Kasam,https://www.youtube.com/watch?v=ot3rnyMoPpQ
Sanam Teri Kasam – Ankit Tiwari Sanam Teri Kasam,https://www.youtube.com/watch?v=kKljXVVkgS4
Saathi Rey – Arko Kapoor & Sons,https://www.youtube.com/watch?v=SYU4zsp8_fY
Ikk Kudi – Shahid Mallya Udta Punjab,https://www.youtube.com/watch?v=cyKZXbxx2lc
Bulleya – Amit Mishra Ae Dil Hai Mushkil,https://www.youtube.com/watch?v=vrqFJ-yjkRw
Alizeh – Arijit Singh Ae Dil Hai Mushkil,https://www.youtube.com/watch?v=Bu2JHWqO6Qc
Yeh Ishq Hai – Arijit Singh Rangoon,https://www.youtube.com/watch?v=iXehrgJ-RY4
O Saathi – Atif Aslam Baaghi 2,https://www.youtube.com/watch?v=YuXLN23ZGQo
Toota Jo Kabhi Tara – Atif Aslam A Flying Jatt,https://www.youtube.com/watch?v=GTOdXVfrXF0
Humsafar – Akhil Sachdeva Badrinath Ki Dulhania,https://www.youtube.com/watch?v=8v-TWxPWIWc
Hale Dil – Harshit Saxena Murder 2,https://www.youtube.com/watch?v=acdKE2hja7w
Tu Jaane Na – Atif Aslam Ajab Prem Ki Ghazab Kahani,https://www.youtube.com/watch?v=EHCG8kno2Lg
"Piya O Re Piya – Atif Aslam, Shreya Ghoshal Tere Naal Love Ho Gaya",https://www.youtube.com/watch?v=u-FaTNxrWhw
Ishq Wala Love – Vishal-Shekhar Student of the Year,https://www.youtube.com/watch?v=N2cPyl83tkQ
Radha – Vishal-Shekhar Student of the Year,https://www.youtube.com/watch?v=52deq20h6Q4
Tum Jo Aaye – Rahat Fateh Ali Khan Once Upon A Time in Mumbaai,https://www.youtube.com/watch?v=kTXilT_KbUM
Sajde – Arijit Singh Kill Dil,https://www.youtube.com/watch?v=P4fzOSVy6-o
Zindagi Do Pal Ki – KK Kites,https://www.youtube.com/watch?v=r-XG86T2jNc
O Meri Laila – Atif Aslam Laila Majnu,https://www.youtube.com/watch?v=49x8GA2axfc
Laila Majnu Theme – Niladri Kumar Laila Majnu,https://www.youtube.com/watch?v=PZtFYkMYyJA
Chashni – Abhijeet Srivastava Bharat,https://www.youtube.com/watch?v=fUS31GnQuBU
Sajni – Jal The Band Boondh Album,https://www.youtube.com/watch?v=ex24cVik7R8
Ik Vaari Aa – Arijit Singh Raabta,https://www.youtube.com/watch?v=zXLgYBSdv74
Baarish – Ash King Half Girlfriend,https://www.youtube.com/watch?v=1gwoGQhXvAo
Thodi Der – Farhan Saeed Half Girlfriend,https://www.youtube.com/watch?v=FGTv9-oQhIg
Lo Safar – Jubin Nautiyal Baaghi 2,https://www.youtube.com/watch?v=jcV7i0WM9jU
Manchala – Shafqat Amanat Ali Hasee Toh Phasee,https://www.youtube.com/watch?v=NobzfIebbrE
Zehnaseeb – Vishal-Shekhar Hasee Toh Phasee,https://www.youtube.com/watch?v=WnU0lH6C0EA
Baarish Lete Aana – Darshan Raval Album,https://www.youtube.com/watch?v=EFqkHIMbhQg
"Baarish Ban Jaana – Payal Dev, Stebin Ben Album",https://www.youtube.com/watch?v=KVh4KtUSW3A
Rim Jhim – Jubin Nautiyal Album,https://www.youtube.com/watch?v=87x5whfu0Fo
Saawan Aaya Hai – Arijit Singh Creature 3D,https://www.youtube.com/watch?v=B5_6jfGsyjA
Tum Hi Aana – Jubin Nautiyal Marjaavaan,https://www.youtube.com/watch?v=RemShT6JAHw
Tera Zikr – Darshan Raval Album,https://www.youtube.com/watch?v=eK0IIyBlYew
Saajna – Falak Shabbir I Me Aur Main,https://www.youtube.com/watch?v=hlRTxA10eRA
Bhage Re Mann – Sunidhi Chauhan Chameli,https://www.youtube.com/watch?v=pkV4VbjIcCo
Teri Ore – Rahat Fateh Ali Khan Singh Is Kinng,https://www.youtube.com/watch?v=CWfCp96-yck
Ishq Mubarak – Arijit Singh Tum Bin 2,https://www.youtube.com/watch?v=V1oczq_8L0E
Aashiyan – Shreya Ghoshal Barfi,https://www.youtube.com/watch?v=OuNGySNJjWg
Kyon – Papon Barfi,https://www.youtube.com/watch?v=UDHklYvDkv8
Aaoge Jab Tum – Ustad Rashid Khan Jab We Met,https://www.youtube.com/watch?v=CNZMIhckaA0
Saadi Galli Aaja – Ayushmann Khurrana Nautanki Saala,https://www.youtube.com/watch?v=cU3IO6Am65o
Yun Hi – Mohit Chauhan Tanu Weds Manu,https://www.youtube.com/watch?v=iwdPbQwZujY
Jeene De – Mohit Chauhan Tere Naal Love Ho Gaya vibe alt,https://www.youtube.com/watch?v=w-UuEgtHGpA
Khairiyat – Arijit Singh Chhichhore,https://www.youtube.com/watch?v=9-AKLAfpjrI
Dil Ko Tumse Pyaar Hua – Roop Kumar Rathod Rehnaa Hai Terre Dil Mein,https://www.youtube.com/watch?v=XcMy3lyDaQg
Tu Hi Re – Hariharan Bombay,https://www.youtube.com/watch?v=BFnQbgazL3g
Ek Din Teri Raahon – Javed Ali Naqaab,https://www.youtube.com/watch?v=4FC_WJjIsmk
"Chand Chhupa Badal Mein – Udit Narayan, Alka Yagnik Hum Dil De Chuke Sanam",https://www.youtube.com/watch?v=9a6UaCBEV6o
Zaroorat – Mustafa Zahid Ek Villain,https://www.youtube.com/watch?v=6F0Boe_arJw
Humnava – Mithoon Hamari Adhuri Kahani,https://www.youtube.com/watch?v=ktPD6TMovxs
Hamari Adhuri Kahani – Arijit Singh Hamari Adhuri Kahani,https://www.youtube.com/watch?v=f3FFOBrMmdg
Yeh Kaisi Jagah – Zubeen Garg Hamari Adhuri Kahani,https://www.youtube.com/watch?v=rW4p1Aqrttc
Tujhe Bhula Diya – Mohit Chauhan Anjaana Anjaani,https://www.youtube.com/watch?v=-Hb2DeHvvEg
Abhi Kuch Dino Se – Mohit Chauhan Dil Toh Baccha Hai Ji,https://www.youtube.com/watch?v=1pc60L6mBt0
Bheegi Bheegi – James Gangster,https://www.youtube.com/watch?v=WeY9hdsmIaQ
Ya Ali – Zubeen Garg Gangster,https://www.youtube.com/watch?v=pmHnlBqjpm0
Mausam – Mithoon Kidnap,https://www.youtube.com/watch?v=nWZoDwTI0eI
Aadat – Atif Aslam Kalyug,https://www.youtube.com/watch?v=AKUk1v3rBvc
Tera Mera Rishta – Mustafa Zahid Awarapan,https://www.youtube.com/watch?v=3gQozRwTFzI
To Phir Aao – Mustafa Zahid Awarapan,https://www.youtube.com/watch?v=-8pNg6pLTYE
Maahi – Toshi Raaz 2,https://www.youtube.com/watch?v=e1edxTqJnKk
Soniyo – Sonu Nigam Raaz 2,https://www.youtube.com/watch?v=tM3zHb3-W-8
O Re Piya – Rahat Fateh Ali Khan Aaja Nachle,https://www.youtube.com/watch?v=iv7lcUkFVSc
Jag Soona Soona Lage – Rahat Fateh Ali Khan Om Shanti Om,https://www.youtube.com/watch?v=4BjGoXdpk2o
Tanhayee – Sonu Nigam Dil Chahta Hai,https://www.youtube.com/watch?v=ikZp7S19-eo
Tum Ho Toh – Farhan Akhtar Rock On!!,https://www.youtube.com/watch?v=I3rQkFFqCiI
Nadaan Parindey – A.R. Rahman Rockstar,https://www.youtube.com/watch?v=HVyqSG-0kl8
Tum Mile Rock version – Neeraj Shridhar Tum Mile,https://www.youtube.com/watch?v=TvfRfddB5rc
Dil Ibadat – KK Tum Mile,https://www.youtube.com/watch?v=xzUVPN68Ym4
Zara Si Dil Mein – KK Jannat,https://www.youtube.com/watch?v=lUPltG1hb3k
Judai – Kamran Ahmed Jannat,https://www.youtube.com/watch?v=sSFM_hCFgko
Haan Tu Hain – KK Jannat,https://www.youtube.com/watch?v=V1fbOsHBlZE
Door Na Ja – Rana Mazumder Jannat,https://www.youtube.com/watch?v=zgsT4epSmpU
Kahi To Hogi Woh – Rashid Ali Jaane Tu Ya Jaane Na,https://www.youtube.com/watch?v=hCsY8T0uBGA
Nazrein Milaana Nazrein Churaana – Benny Dayal Jaane Tu Ya Jaane Na,https://www.youtube.com/watch?v=PFVwNbhVqkw
Kabhi Kabhi Aditi – Rashid Ali Jaane Tu Ya Jaane Na,https://www.youtube.com/watch?v=AX7t8ZwroHQ
Tu Bole Main Boloon – A.R. Rahman Jaane Tu Ya Jaane Na,https://www.youtube.com/watch?v=RzgezQh6900
Dil Gira Dafatan – Ash King Delhi-6,https://www.youtube.com/watch?v=Nw5pqstBc8w
Rehna Tu – A.R. Rahman Delhi-6,https://www.youtube.com/watch?v=ZYGyuaEU2aA
Masakali – Mohit Chauhan Delhi-6,https://www.youtube.com/watch?v=SS3lIQdKP-A
Noor E Khuda – Adnan Sami My Name Is Khan,https://www.youtube.com/watch?v=JJ5r5Z6G2Zo
Mitwa – Shankar Mahadevan Kabhi Alvida Naa Kehna,https://www.youtube.com/watch?v=1AqbAAthQZw
Tumhi Dekho Naa – Sonu Nigam KANK,https://www.youtube.com/watch?v=DULDIS2qlCU
Where’s the Party Tonight – Shaan KANK,https://www.youtube.com/watch?v=ifT-NS_E7EY
Kabhi Alvida Naa Kehna – Sonu Nigam KANK,https://www.youtube.com/watch?v=nmTp_esz_Q8
Dhan Te Nan – Vishal Dadlani Kaminey,https://www.youtube.com/watch?v=AKF2whlGnr4
Darling – Usha Uthup 7 Khoon Maaf,https://www.youtube.com/watch?v=q_b8tcbRhXE
Tujh Sang Lagee – KK Special 26,https://www.youtube.com/watch?v=SARHzj076lc
Laal Ishq – Arijit Singh Ram-Leela,https://www.youtube.com/watch?v=PycY_BqbWaw
Ang Laga De – Aditi Paul Ram-Leela,https://www.youtube.com/watch?v=5QpB607FdB4
Ishqyaun Dhishqyaun – Aditya Narayan Ram-Leela,https://www.youtube.com/watch?v=Pe4T8Pb7H6E
Manwa Laage – Shreya Ghoshal Happy New Year,https://www.youtube.com/watch?v=d8IT-16kA8M
Satakli – Sukhwinder Singh Happy New Year,https://www.youtube.com/watch?v=tsN9vouq-nk
Lovely – Kanika Kapoor Happy New Year,https://www.youtube.com/watch?v=HT7g_9eNnYk
Tu Meri – Vishal Dadlani Bang Bang,https://www.youtube.com/watch?v=YAOIbHBEvi0
Meherbaan – Ash King Bang Bang,https://www.youtube.com/watch?v=_JND3HuOmDM
Zinda – Siddharth Mahadevan Bhaag Milkha Bhaag,https://www.youtube.com/watch?v=Ax0G_P2dSBw
Mast Magan – Arijit Singh 2 States,https://www.youtube.com/watch?v=fXRvluHnjxE
Chaandaniya – K. Mohan 2 States,https://www.youtube.com/watch?v=P0KasU0HXD0
Ae Dil Hai Mushkil – Arijit Singh Title Track,https://www.youtube.com/watch?v=6FURuLYrR_Q
The Breakup Song – Arijit Singh ADHM,https://www.youtube.com/watch?v=kd5KqlmcHNo
Ae Watan – Arijit Singh Raazi,https://www.youtube.com/watch?v=WojfXDToBT0
Dilbaro – Harshdeep Kaur Raazi,https://www.youtube.com/watch?v=WqUXVw0WlXc
Raazi – Arijit Singh Raazi,https://www.youtube.com/watch?v=c4ZteOtHWQ0
Teri Mitti – B Praak Kesari,https://www.youtube.com/watch?v=tionpZAVPd4
Leja Re – Dhvani Bhanushali Album,https://www.youtube.com/watch?v=NNqLB7znMLU
Vaaste recheck avoided duplicates in same list,https://www.youtube.com/watch?v=VpB6nuQx4Io
Ik Vaari – Ayushmann Khurrana Album,https://www.youtube.com/watch?v=o1Hyv9JGqd4
Mitti Di Khushboo – Ayushmann Khurrana Album,https://www.youtube.com/watch?v=8uJ-wOljP_s
Baarish Atif Aslam version avoided reuse,https://www.youtube.com/watch?v=dpfqRaVlmmU
Thodi Jagah – Arijit Singh Marjaavaan,https://www.youtube.com/watch?v=HtvwcJLqxE0
Haiya Ho – Tulsi Kumar Marjaavaan,https://www.youtube.com/watch?v=oTYb7dzYQQk
Humraah – Sachet Tandon Malang,https://www.youtube.com/watch?v=hJBHSmyqv0Y
Phir Na Milen Kabhi – Ankit Tiwari Malang,https://www.youtube.com/watch?v=iTc2pgUzs48
Malang – Ved Sharma Title Track,https://www.youtube.com/watch?v=KBIq11mNB0I
Jaan Ban Gaye – Mithoon Khuda Haafiz,https://www.youtube.com/watch?v=a6cJAFFQn_I
Khuda Haafiz – Vishal Dadlani Khuda Haafiz,https://www.youtube.com/watch?v=6Kxq7k-E2Gc
Dil Ko Maine Di Kasam – Arijit Singh Khuda Haafiz,https://www.youtube.com/watch?v=UsMRgnTcchY
Hawa Banke – Darshan Raval Album,https://www.youtube.com/watch?v=QCXaa1mEUK0
Teri Aankhon Mein – Darshan Raval Album,https://www.youtube.com/watch?v=mClF6mJV5xM
Tera Yaar Hoon Main – Arijit Singh Sonu Ke Titu Ki Sweety,https://www.youtube.com/watch?v=EatzcaVJRMs
Dil Chori – Yo Yo Honey Singh SKTKS,https://www.youtube.com/watch?v=xWi8nDUjHGA
Subah Subah – Arijit Singh Sonu Ke Titu Ki Sweety,https://www.youtube.com/watch?v=ZgTKmRPWMq4
"Tere Bina Zindagi Se – Lata Mangeshkar, Kishore Kumar Aandhi",https://www.youtube.com/watch?v=Zm4V6ty4K6k
Yeh Shaam Mastani – Kishore Kumar Kati Patang,https://www.youtube.com/watch?v=lbfWsIpXsCA
Roop Tera Mastana – Kishore Kumar Aradhana,https://www.youtube.com/watch?v=dyEdcOhxJNQ
Mere Sapno Ki Rani – Kishore Kumar Aradhana,https://www.youtube.com/watch?v=9PdSmDRGIwM
"Chura Liya Hai Tumne Jo Dil Ko – Asha Bhosle, R.D. Burman Yaadon Ki Baaraat",https://www.youtube.com/watch?v=seFeZOgyFsc
"Bheegi Bheegi Raaton Mein – Lata Mangeshkar, Kishore Kumar Ajnabee",https://www.youtube.com/watch?v=bXUWETWgi4A
Tum Aa Gaye Ho Noor Aa Gaya – Lata Mangeshkar Aandhi,https://www.youtube.com/watch?v=RbSuFhzPgN8
Humein Tumse Pyar Kitna – Kishore Kumar Kudrat,https://www.youtube.com/watch?v=lNW8qsoeWs4
Kabhi Kabhi Mere Dil Mein – Mukesh Kabhi Kabhie,https://www.youtube.com/watch?v=BB6KvXQx090
Main Shayar To Nahin – Shailendra Singh Bobby,https://www.youtube.com/watch?v=HYFYTzGmB6E
Ek Ajnabee Haseena Se – Kishore Kumar Ajnabee,https://www.youtube.com/watch?v=H7Y5a7Y-jng
Chalte Chalte – Kishore Kumar Chalte Chalte,https://www.youtube.com/watch?v=xFYJArFBahg
Dil Kya Kare – Kishore Kumar Julie,https://www.youtube.com/watch?v=iaaBqrQrtUM
"Yeh Vaada Raha – Kishore Kumar, Asha Bhosle Yeh Vaada Raha",https://www.youtube.com/watch?v=bLxLaVS4ZXQ
Pyar Deewana Hota Hai – Kishore Kumar Kati Patang,https://www.youtube.com/watch?v=wtfRQ76-I7k
O Saathi Re – Kishore Kumar Muqaddar Ka Sikandar,https://www.youtube.com/watch?v=EkDtRsNRTjA
Dil Se Re – A.R. Rahman Dil Se,https://www.youtube.com/watch?v=U3hZW62-KGA
Jiya Jale – Lata Mangeshkar Dil Se,https://www.youtube.com/watch?v=gUSsU8CWNcI
Humma Humma – A.R. Rahman Bombay,https://www.youtube.com/watch?v=1l3ySCcKA20
Kehna Hi Kya – K.S. Chithra Bombay,https://www.youtube.com/watch?v=eb7jLoU9x64
Roja Jaaneman – S.P. Balasubrahmanyam Roja,https://www.youtube.com/watch?v=iDQ1qjCevZE
Yeh Haseen Wadiyan – S.P. Balasubrahmanyam Roja,https://www.youtube.com/watch?v=5kZ5o-oM0RI
Taal Se Taal Mila – Alka Yagnik Taal,https://www.youtube.com/watch?v=OinGHNpnGtc
Ishq Bina – A.R. Rahman Taal,https://www.youtube.com/watch?v=E_JsaSuK5C8
Nahin Saamne – Hariharan Taal,https://www.youtube.com/watch?v=0JlcMt3l3dY
Yeh Aaina – Arko Kabir Singh,https://www.youtube.com/watch?v=UcOx6Bm3_4k
Dil Ka Dariya – Jubin Nautiyal Kabir Singh,https://www.youtube.com/watch?v=92J9p0VplTo
Kalank Title Track – Arijit Singh Kalank,https://www.youtube.com/watch?v=b4hrUSBP4nc
First Class – Arijit Singh Kalank,https://www.youtube.com/watch?v=e8B0AzmXPV8
Ghar More Pardesiya – Shreya Ghoshal Kalank,https://www.youtube.com/watch?v=ntC3sO-VeJY
Tabaah Ho Gaye – Shreya Ghoshal Kalank,https://www.youtube.com/watch?v=Qo90866r-Vo
Aira Gaira – Antara Mitra Kalank,https://www.youtube.com/watch?v=fSio797ZvSw
Ve Maahi – Arijit Singh Kesari,https://www.youtube.com/watch?v=Z1-qmKn7DQY
Sanu Ek Pal Chain – Rahat Fateh Ali Khan Raid,https://www.youtube.com/watch?v=13z2kF6TiCc
Nit Khair Manga – Rahat Fateh Ali Khan Raid,https://www.youtube.com/watch?v=oBIx6tsc1Mk
Aankh Marey – Neha Kakkar Simmba,https://www.youtube.com/watch?v=_KhQT-LGb-4
Photo – Karan Sehmbi Luka Chuppi,https://www.youtube.com/watch?v=dPmhZ8l7zfA
Tu Laung Main Elaachi – Tulsi Kumar Luka Chuppi,https://www.youtube.com/watch?v=A8gDQ-x1Fko
Coca Cola – Tony Kakkar Luka Chuppi,https://www.youtube.com/watch?v=_cPHiwPqbqo
Ishq Tera – Guru Randhawa Lahore,https://www.youtube.com/watch?v=dZ0fwJojhrs
High Rated Gabru – Guru Randhawa Album,https://www.youtube.com/watch?v=hjWf8A0YNSE
Suit Suit – Guru Randhawa Hindi Medium,https://www.youtube.com/watch?v=88LgZ-cf_P4
Ban Ja Rani – Guru Randhawa Tumhari Sulu,https://www.youtube.com/watch?v=hlvbDjksdCg
Patola – Guru Randhawa Blackmail,https://www.youtube.com/watch?v=z-ZEHL4Df-A
Mere Rashke Qamar – Rahat Fateh Ali Khan Baadshaho,https://www.youtube.com/watch?v=UGkLd1pxHQ0
Dil Meri Na Sune – Atif Aslam Genius,https://www.youtube.com/watch?v=JylZrg49aXU
Kabhi Main Kahoon – Lata Mangeshkar Lamhe,https://www.youtube.com/watch?v=4zrjwhQtFD0
Yeh Lamhe Yeh Pal – Hariharan Lamhe,https://www.youtube.com/watch?v=Jz364KdCrp8
Tu Hi Re – Hariharan Bombay,https://www.youtube.com/watch?v=eL66rtV81z8
Dil Hai Chhota Sa – Minmini Roja,https://www.youtube.com/watch?v=P2s1Cl23oik
Kya Karein – Naresh Iyer Wake Up Sid,https://www.youtube.com/watch?v=ezgYup6T5Vw
Aahun Aahun – Master Saleem Love Aaj Kal,https://www.youtube.com/watch?v=cjKB26nu420
Tujh Mein Rab Dikhta Hai – Roop Kumar Rathod RNBDJ,https://www.youtube.com/watch?v=LzQRaB3AqRk
Haule Haule – Sukhwinder Singh RNBDJ,https://www.youtube.com/watch?v=XgdY_s1LsZc
Dance Pe Chance – Sunidhi Chauhan RNBDJ,https://www.youtube.com/watch?v=rap8SoUIPaw
Mar Jawaan – Shruti Pathak Fashion,https://www.youtube.com/watch?v=YhUAM0oNWB0
Aashiq Banaya Aapne – Himesh Reshammiya Aashiq Banaya Aapne,https://www.youtube.com/watch?v=LUW5sZAwwog
Jhalak Dikhlaja – Himesh Reshammiya Aksar,https://www.youtube.com/watch?v=vnlk8V-q0oU
Aap Ki Kashish – Himesh Reshammiya Aashiq Banaya Aapne,https://www.youtube.com/watch?v=jx0qbW_YTCs
Zara Zara Touch Me – Monali Thakur Race,https://www.youtube.com/watch?v=Sv_kEdNwYtQ
Khwab Dekhe – Neeraj Shridhar Race,https://www.youtube.com/watch?v=kCQ6zaHDXj4
O Meri Jaan – KK Life in a Metro,https://www.youtube.com/watch?v=jZi8TI050ec
Baatein Kuch Ankahee Si – KK Life in a Metro,https://www.youtube.com/watch?v=LdFFPkiS-9w
Teri Deewani – Kailash Kher Album,https://www.youtube.com/watch?v=zZasH6qkn8M
Saiyyan – Kailash Kher Album,https://www.youtube.com/watch?v=uBsVGGjOMXI
